<?xml version="1.0" encoding="utf-8"?><soap:Envelope xmlns:soap="http://www.w3.org/2003/05/soap-envelope" xmlns:xsi="http://www.w3.org/2001/XMLSchema-instance" xmlns:xsd="http://www.w3.org/2001/XMLSchema"><soap:Header><nfeCabecMsg xmlns="http://www.portalfiscal.inf.br/nfe/wsdl/NfeAutorizacao"><cUF>25</cUF><versaoDados>3.10</versaoDados></nfeCabecMsg></soap:Header><soap:Body><nfeAutorizacaoLoteResult xmlns="http://www.portalfiscal.inf.br/nfe/wsdl/NfeAutorizacao"><retEnviNFe versao="3.10" xmlns="http://www.portalfiscal.inf.br/nfe"><tpAmb>2</tpAmb><verAplic>SVRS201612282331</verAplic><cStat>103</cStat><xMotivo>Lote recebido com sucesso</xMotivo><cUF>25</cUF><dhRecbto>2016-12-30T00:21:09-02:00</dhRecbto><infRec><nRec>253002169714954</nRec><tMed>1</tMed></infRec></retEnviNFe></nfeAutorizacaoLoteResult></soap:Body></soap:Envelope>