<?xml version="1.0" encoding="utf-8"?><soap12:Envelope xmlns:xsi="http://www.w3.org/2001/XMLSchema-instance" xmlns:xsd="http://www.w3.org/2001/XMLSchema" xmlns:soap12="http://www.w3.org/2003/05/soap-envelope"><soap12:Header><nfeCabecMsg xmlns="http://www.portalfiscal.inf.br/nfe/wsdl/NfeRetAutorizacao"><cUF>25</cUF><versaoDados>3.10</versaoDados></nfeCabecMsg></soap12:Header><soap12:Body><nfeDadosMsg xmlns="http://www.portalfiscal.inf.br/nfe/wsdl/NfeRetAutorizacao"><consReciNFe xmlns="http://www.portalfiscal.inf.br/nfe" versao="3.10"><tpAmb>2</tpAmb><nRec>253002169715725</nRec></consReciNFe></nfeDadosMsg></soap12:Body></soap12:Envelope>