<?xml version="1.0" encoding="utf-8"?><soap:Envelope xmlns:soap="http://www.w3.org/2003/05/soap-envelope" xmlns:xsi="http://www.w3.org/2001/XMLSchema-instance" xmlns:xsd="http://www.w3.org/2001/XMLSchema"><soap:Header><nfeCabecMsg xmlns="http://www.portalfiscal.inf.br/nfe/wsdl/NfeRetAutorizacao"><cUF>25</cUF><versaoDados>3.10</versaoDados></nfeCabecMsg></soap:Header><soap:Body><nfeRetAutorizacaoLoteResult xmlns="http://www.portalfiscal.inf.br/nfe/wsdl/NfeRetAutorizacao"><retConsReciNFe versao="3.10" xmlns="http://www.portalfiscal.inf.br/nfe"><tpAmb>2</tpAmb><verAplic>SVRS201612282343</verAplic><nRec>253002169715725</nRec><cStat>104</cStat><xMotivo>Lote processado</xMotivo><cUF>25</cUF><dhRecbto>2016-12-30T01:10:40-03:00</dhRecbto><protNFe versao="3.10"><infProt><tpAmb>2</tpAmb><verAplic>SVRS201612282343</verAplic><chNFe>25161215174045000150550010100000071100000072</chNFe><dhRecbto>2016-12-30T01:10:40-03:00</dhRecbto><digVal>txN/Qt2jV20mkCmL9OzGWEWuLa8=</digVal><cStat>531</cStat><xMotivo>Rejeicao: Total da BC ICMS difere do somatorio dos itens</xMotivo></infProt></protNFe></retConsReciNFe></nfeRetAutorizacaoLoteResult></soap:Body></soap:Envelope>