<?xml version="1.0" encoding="utf-8"?><soap:Envelope xmlns:soap="http://www.w3.org/2003/05/soap-envelope" xmlns:xsi="http://www.w3.org/2001/XMLSchema-instance" xmlns:xsd="http://www.w3.org/2001/XMLSchema"><soap:Header><nfeCabecMsg xmlns="http://www.portalfiscal.inf.br/nfe/wsdl/NfeRetAutorizacao"><cUF>25</cUF><versaoDados>3.10</versaoDados></nfeCabecMsg></soap:Header><soap:Body><nfeRetAutorizacaoLoteResult xmlns="http://www.portalfiscal.inf.br/nfe/wsdl/NfeRetAutorizacao"><retConsReciNFe versao="3.10" xmlns="http://www.portalfiscal.inf.br/nfe"><tpAmb>2</tpAmb><verAplic>SVRS201612282343</verAplic><nRec>253002169714987</nRec><cStat>104</cStat><xMotivo>Lote processado</xMotivo><cUF>25</cUF><dhRecbto>2016-12-29T23:25:48-03:00</dhRecbto><protNFe versao="3.10"><infProt><tpAmb>2</tpAmb><verAplic>SVRS201612282343</verAplic><chNFe>25161215174045000150550010100000051100000051</chNFe><dhRecbto>2016-12-29T23:25:48-03:00</dhRecbto><nProt>325160000103918</nProt><digVal>ErM/VNO31II/tsS33UHWjqK25bI=</digVal><cStat>100</cStat><xMotivo>Autorizado o uso da NF-e</xMotivo></infProt></protNFe></retConsReciNFe></nfeRetAutorizacaoLoteResult></soap:Body></soap:Envelope>